{
    "Bone hard": {
        "enVersion": 402,
        "lParam_100": 100,
        "lParam_101": 70,
        "lParam_102": 15,
        "lParam_103": 90,
        "lParam_104": 50,
        "lParam_105": 80,
        "lParam_106": 40,
        "lParam_107": 0,
        "lParam_108": 50,
        "lParam_209": 1,
        "lParam_400": 0,
        "lParam_401": 15,
        "lParam_402": 30,
        "lParam_403": 0,
        "lParam_404": 40,
        "lParam_700": 0,
        "lParam_701": 65535,
        "lParam_702": 0,
        "lParam_703": 65535,
        "lParam_710": 0
    },
    "Bone hard*": {
        "enVersion": 402,
        "lParam_100": 100,
        "lParam_101": 70,
        "lParam_102": 15,
        "lParam_103": 90,
        "lParam_104": 50,
        "lParam_105": 80,
        "lParam_106": 40,
        "lParam_107": 0,
        "lParam_108": 50,
        "lParam_209": 1,
        "lParam_400": 0,
        "lParam_401": 15,
        "lParam_402": 30,
        "lParam_403": 0,
        "lParam_404": 40,
        "lParam_700": 0,
        "lParam_701": 65535,
        "lParam_702": 0,
        "lParam_703": 65535,
        "lParam_710": 0
    },
    "Bone hard**": {
        "enVersion": 402,
        "lParam_100": 100,
        "lParam_101": 70,
        "lParam_102": 15,
        "lParam_103": 90,
        "lParam_104": 50,
        "lParam_105": 80,
        "lParam_106": 40,
        "lParam_107": 0,
        "lParam_108": 50,
        "lParam_209": 1,
        "lParam_400": 0,
        "lParam_401": 15,
        "lParam_402": 30,
        "lParam_403": 0,
        "lParam_404": 40,
        "lParam_700": 0,
        "lParam_701": 65535,
        "lParam_702": 0,
        "lParam_703": 65535,
        "lParam_710": 0
    },
    "Bone hard***": {
        "enVersion": 402,
        "lParam_100": 100,
        "lParam_101": 70,
        "lParam_102": 15,
        "lParam_103": 90,
        "lParam_104": 50,
        "lParam_105": 80,
        "lParam_106": 40,
        "lParam_107": 0,
        "lParam_108": 50,
        "lParam_209": 1,
        "lParam_400": 0,
        "lParam_401": 15,
        "lParam_402": 30,
        "lParam_403": 0,
        "lParam_404": 40,
        "lParam_700": 0,
        "lParam_701": 65535,
        "lParam_702": 0,
        "lParam_703": 65535,
        "lParam_710": 0
    },
    "Bone hard****": {
        "enVersion": 402,
        "lParam_100": 100,
        "lParam_101": 0,
        "lParam_102": 100,
        "lParam_103": 90,
        "lParam_104": 100,
        "lParam_105": 80,
        "lParam_106": 100,
        "lParam_107": 0,
        "lParam_108": 50,
        "lParam_209": 1,
        "lParam_400": 0,
        "lParam_401": 0,
        "lParam_402": 0,
        "lParam_403": 0,
        "lParam_404": 0,
        "lParam_700": 0,
        "lParam_701": 65535,
        "lParam_702": 0,
        "lParam_703": 65535,
        "lParam_710": 0
    },
    "Bone mid": {
        "enVersion": 402,
        "lParam_100": 100,
        "lParam_101": 10,
        "lParam_102": 20,
        "lParam_103": 90,
        "lParam_104": 20,
        "lParam_105": 80,
        "lParam_106": 0,
        "lParam_107": 5,
        "lParam_108": 50,
        "lParam_209": 1,
        "lParam_400": 30,
        "lParam_401": 30,
        "lParam_402": 30,
        "lParam_403": 29,
        "lParam_404": 29,
        "lParam_700": 0,
        "lParam_701": 65535,
        "lParam_702": 0,
        "lParam_703": 65535,
        "lParam_710": 0
    },
    "Bone mid GS": {
        "enVersion": 402,
        "lParam_100": 100,
        "lParam_101": 10,
        "lParam_102": 20,
        "lParam_103": 90,
        "lParam_104": 20,
        "lParam_105": 80,
        "lParam_106": 0,
        "lParam_107": 5,
        "lParam_108": 1,
        "lParam_209": 1,
        "lParam_400": 30,
        "lParam_401": 30,
        "lParam_402": 30,
        "lParam_403": 23,
        "lParam_404": 23,
        "lParam_700": 0,
        "lParam_701": 65535,
        "lParam_702": 0,
        "lParam_703": 65535,
        "lParam_710": 0
    },
    "Bone mid SG": {
        "enVersion": 402,
        "lParam_100": 100,
        "lParam_101": 20,
        "lParam_102": 20,
        "lParam_103": 90,
        "lParam_104": 20,
        "lParam_105": 80,
        "lParam_106": 0,
        "lParam_107": 25,
        "lParam_108": 50,
        "lParam_209": 1,
        "lParam_400": 30,
        "lParam_401": 30,
        "lParam_402": 30,
        "lParam_403": 29,
        "lParam_404": 29,
        "lParam_700": 0,
        "lParam_701": 65535,
        "lParam_702": 0,
        "lParam_703": 65535,
        "lParam_710": 0
    },
    "Device": {
        "enVersion": 402,
        "lParam_100": 100,
        "lParam_101": 15,
        "lParam_102": 15,
        "lParam_103": 100,
        "lParam_104": 40,
        "lParam_105": 10,
        "lParam_106": 0,
        "lParam_107": 30,
        "lParam_108": 0,
        "lParam_209": 1,
        "lParam_400": 30,
        "lParam_401": 30,
        "lParam_402": 30,
        "lParam_403": 30,
        "lParam_404": 30,
        "lParam_700": 0,
        "lParam_701": 65535,
        "lParam_702": 0,
        "lParam_703": 65535,
        "lParam_710": 0
    },
    "Thorax": {
        "enVersion": 402,
        "lParam_100": 100,
        "lParam_101": 5,
        "lParam_102": 10,
        "lParam_103": 100,
        "lParam_104": 40,
        "lParam_105": 10,
        "lParam_106": 20,
        "lParam_107": 5,
        "lParam_108": 0,
        "lParam_209": 1,
        "lParam_400": 30,
        "lParam_401": 30,
        "lParam_402": 30,
        "lParam_403": 25,
        "lParam_404": 25,
        "lParam_700": 0,
        "lParam_701": 65535,
        "lParam_702": 0,
        "lParam_703": 65535,
        "lParam_710": 0
    },
    "Thorax GS": {
        "enVersion": 402,
        "lParam_100": 100,
        "lParam_101": 5,
        "lParam_102": 10,
        "lParam_103": 100,
        "lParam_104": 40,
        "lParam_105": 10,
        "lParam_106": 20,
        "lParam_107": 5,
        "lParam_108": 1,
        "lParam_209": 1,
        "lParam_400": 30,
        "lParam_401": 30,
        "lParam_402": 30,
        "lParam_403": 25,
        "lParam_404": 25,
        "lParam_700": 0,
        "lParam_701": 65535,
        "lParam_702": 0,
        "lParam_703": 65535,
        "lParam_710": 0
    },
    "Thorax GS*": {
        "enVersion": 402,
        "lParam_100": 100,
        "lParam_101": 5,
        "lParam_102": 10,
        "lParam_103": 100,
        "lParam_104": 40,
        "lParam_105": 10,
        "lParam_106": 20,
        "lParam_107": 5,
        "lParam_108": 1,
        "lParam_209": 1,
        "lParam_400": 30,
        "lParam_401": 30,
        "lParam_402": 30,
        "lParam_403": 25,
        "lParam_404": 25,
        "lParam_700": 0,
        "lParam_701": 65535,
        "lParam_702": 0,
        "lParam_703": 65535,
        "lParam_710": 0
    },
    "Thorax SG": {
        "enVersion": 402,
        "lParam_100": 100,
        "lParam_101": 0,
        "lParam_102": 0,
        "lParam_103": 100,
        "lParam_104": 40,
        "lParam_105": 10,
        "lParam_106": 0,
        "lParam_107": 13,
        "lParam_108": 1,
        "lParam_209": 1,
        "lParam_400": 30,
        "lParam_401": 30,
        "lParam_402": 30,
        "lParam_403": 30,
        "lParam_404": 30,
        "lParam_700": 0,
        "lParam_701": 65535,
        "lParam_702": 0,
        "lParam_703": 65535,
        "lParam_710": 0
    },
    "_comment": "2022-12-21 Perletti new params"
}
